Series Name,Country Name,Year,Value
AGR,Afghanistan,2016 [YR2016],45.81000137
AGR,Albania,2016 [YR2016],40.04000092
AGR,Algeria,2016 [YR2016],10.27999973
AGR,Angola,2016 [YR2016],51.15000153
AGR,Argentina,2016 [YR2016],0.129999995
AGR,Armenia,2016 [YR2016],33.59999847
AGR,Australia,2016 [YR2016],2.619999886
AGR,Austria,2016 [YR2016],4.349999905
AGR,Azerbaijan,2016 [YR2016],36.34000015
AGR,"Bahamas, The",2016 [YR2016],2.380000114
AGR,Bahrain,2016 [YR2016],1.039999962
AGR,Bangladesh,2016 [YR2016],42.65999985
AGR,Barbados,2016 [YR2016],2.859999895
AGR,Belarus,2016 [YR2016],9.729999542
AGR,Belgium,2016 [YR2016],1.25
AGR,Belize,2016 [YR2016],18.55999947
AGR,Benin,2016 [YR2016],40.59000015
AGR,Bhutan,2016 [YR2016],57.22000122
AGR,Bolivia,2016 [YR2016],29.68000031
AGR,Bosnia and Herzegovina,2016 [YR2016],17.95999908
AGR,Botswana,2016 [YR2016],21.36000061
AGR,Brazil,2016 [YR2016],10.14000034
AGR,Brunei Darussalam,2016 [YR2016],1.00999999
AGR,Bulgaria,2016 [YR2016],6.75
AGR,Burkina Faso,2016 [YR2016],28.93000031
AGR,Burundi,2016 [YR2016],86.27999878
AGR,Cabo Verde,2016 [YR2016],14.06000042
AGR,Cambodia,2016 [YR2016],37.54000092
AGR,Cameroon,2016 [YR2016],45.70999908
AGR,Canada,2016 [YR2016],1.580000043
AGR,Cayman Islands,2016 [YR2016],..
AGR,Central African Republic,2016 [YR2016],71.30000305
AGR,Chad,2016 [YR2016],75.61000061
AGR,Channel Islands,2016 [YR2016],2.869999886
AGR,Chile,2016 [YR2016],9.479999542
AGR,China,2016 [YR2016],27.70000076
AGR,Colombia,2016 [YR2016],16.01000023
AGR,Comoros,2016 [YR2016],36.49000168
AGR,"Congo, Dem. Rep.",2016 [YR2016],65.80000305
AGR,"Congo, Rep.",2016 [YR2016],34.22000122
AGR,Costa Rica,2016 [YR2016],12.21000004
AGR,Cote d'Ivoire,2016 [YR2016],42.75
AGR,Croatia,2016 [YR2016],7.599999905
AGR,Cuba,2016 [YR2016],18.31999969
AGR,Curacao,2016 [YR2016],..
AGR,Cyprus,2016 [YR2016],3.640000105
AGR,Czechia,2016 [YR2016],2.900000095
AGR,Denmark,2016 [YR2016],2.329999924
AGR,Djibouti,2016 [YR2016],27.29000092
AGR,Dominica,2016 [YR2016],..
AGR,Dominican Republic,2016 [YR2016],8.930000305
AGR,Ecuador,2016 [YR2016],26.94000053
AGR,"Egypt, Arab Rep.",2016 [YR2016],25.56999969
AGR,El Salvador,2016 [YR2016],18.68000031
AGR,Equatorial Guinea,2016 [YR2016],38.86000061
AGR,Eritrea,2016 [YR2016],64.66000366
AGR,Estonia,2016 [YR2016],3.890000105
AGR,Eswatini,2016 [YR2016],13.19999981
AGR,Ethiopia,2016 [YR2016],68.63999939
AGR,Faroe Islands,2016 [YR2016],..
AGR,Fiji,2016 [YR2016],19.09000015
AGR,Finland,2016 [YR2016],3.869999886
AGR,France,2016 [YR2016],2.859999895
AGR,French Polynesia,2016 [YR2016],7.5
AGR,Gabon,2016 [YR2016],31.60000038
AGR,"Gambia, The",2016 [YR2016],28.98999977
AGR,Georgia,2016 [YR2016],43.81000137
AGR,Germany,2016 [YR2016],1.309999943
AGR,Ghana,2016 [YR2016],33.88999939
AGR,Gibraltar,2016 [YR2016],..
AGR,Greece,2016 [YR2016],12.36999989
AGR,Guam,2016 [YR2016],0.25999999
AGR,Guatemala,2016 [YR2016],29.37999916
AGR,Guinea,2016 [YR2016],62.99000168
AGR,Guinea-Bissau,2016 [YR2016],62.18000031
AGR,Guyana,2016 [YR2016],16.68000031
AGR,Haiti,2016 [YR2016],30.04999924
AGR,Honduras,2016 [YR2016],27.35000038
AGR,"Hong Kong SAR, China",2016 [YR2016],0.189999998
AGR,Hungary,2016 [YR2016],5.039999962
AGR,Iceland,2016 [YR2016],3.900000095
AGR,India,2016 [YR2016],44.56000137
AGR,Indonesia,2016 [YR2016],31.81999969
AGR,"Iran, Islamic Rep.",2016 [YR2016],17.97999954
AGR,Iraq,2016 [YR2016],19.76000023
AGR,Ireland,2016 [YR2016],5.289999962
AGR,Isle of Man,2016 [YR2016],..
AGR,Israel,2016 [YR2016],1.019999981
AGR,Italy,2016 [YR2016],3.880000114
AGR,Jamaica,2016 [YR2016],16.62999916
AGR,Japan,2016 [YR2016],3.5
AGR,Jordan,2016 [YR2016],2.779999971
AGR,Kazakhstan,2016 [YR2016],17.26000023
AGR,Kenya,2016 [YR2016],56.52999878
AGR,Kiribati,2016 [YR2016],..
AGR,"Korea, Dem. People's Rep.",2016 [YR2016],44.63999939
AGR,"Korea, Rep.",2016 [YR2016],4.940000057
AGR,Kosovo,2016 [YR2016],..
AGR,Kuwait,2016 [YR2016],2.00999999
AGR,Kyrgyz Republic,2016 [YR2016],26.79000092
AGR,Lao PDR,2016 [YR2016],64.70999908
AGR,Latvia,2016 [YR2016],7.690000057
AGR,Lebanon,2016 [YR2016],12.44999981
AGR,Lesotho,2016 [YR2016],45.84000015
AGR,Liberia,2016 [YR2016],43.74000168
AGR,Libya,2016 [YR2016],18.22999954
AGR,Liechtenstein,2016 [YR2016],..
AGR,Lithuania,2016 [YR2016],7.980000019
AGR,Luxembourg,2016 [YR2016],1.029999971
AGR,"Macao SAR, China",2016 [YR2016],0.400000006
AGR,Madagascar,2016 [YR2016],65.79000092
AGR,Malawi,2016 [YR2016],77.11000061
AGR,Malaysia,2016 [YR2016],11.36999989
AGR,Maldives,2016 [YR2016],9.239999771
AGR,Mali,2016 [YR2016],64.90000153
AGR,Malta,2016 [YR2016],1.169999957
AGR,Marshall Islands,2016 [YR2016],..
AGR,Mauritania,2016 [YR2016],32.54999924
AGR,Mauritius,2016 [YR2016],6.670000076
AGR,Mexico,2016 [YR2016],13.10000038
AGR,"Micronesia, Fed. Sts.",2016 [YR2016],..
AGR,Moldova,2016 [YR2016],33.70000076
AGR,Monaco,2016 [YR2016],..
AGR,Mongolia,2016 [YR2016],30.36000061
AGR,Montenegro,2016 [YR2016],7.739999771
AGR,Morocco,2016 [YR2016],35.95999908
AGR,Mozambique,2016 [YR2016],71.55999756
AGR,Myanmar,2016 [YR2016],51.20000076
AGR,Namibia,2016 [YR2016],20.06999969
AGR,Nauru,2016 [YR2016],..
AGR,Nepal,2016 [YR2016],66.66000366
AGR,Netherlands,2016 [YR2016],2.25999999
AGR,New Caledonia,2016 [YR2016],2.059999943
AGR,New Zealand,2016 [YR2016],6.610000134
AGR,Nicaragua,2016 [YR2016],30.37000084
AGR,Niger,2016 [YR2016],73.48000336
AGR,Nigeria,2016 [YR2016],36.54999924
AGR,North Macedonia,2016 [YR2016],16.62999916
AGR,Northern Mariana Islands,2016 [YR2016],..
AGR,Norway,2016 [YR2016],2.089999914
AGR,Oman,2016 [YR2016],4.46999979
AGR,Pakistan,2016 [YR2016],42.27000046
AGR,Palau,2016 [YR2016],..
AGR,Panama,2016 [YR2016],15.35999966
AGR,Papua New Guinea,2016 [YR2016],59
AGR,Paraguay,2016 [YR2016],21.31999969
AGR,Peru,2016 [YR2016],28.37999916
AGR,Philippines,2016 [YR2016],26.89999962
AGR,Poland,2016 [YR2016],10.57999992
AGR,Portugal,2016 [YR2016],6.909999847
AGR,Puerto Rico,2016 [YR2016],1.159999967
AGR,Qatar,2016 [YR2016],1.220000029
AGR,Romania,2016 [YR2016],23.10000038
AGR,Russian Federation,2016 [YR2016],6.71999979
AGR,Rwanda,2016 [YR2016],65.81999969
AGR,Samoa,2016 [YR2016],31.76000023
AGR,San Marino,2016 [YR2016],..
AGR,Sao Tome and Principe,2016 [YR2016],20.65999985
AGR,Saudi Arabia,2016 [YR2016],4.96999979
AGR,Senegal,2016 [YR2016],32.49000168
AGR,Serbia,2016 [YR2016],18.61000061
AGR,Seychelles,2016 [YR2016],..
AGR,Sierra Leone,2016 [YR2016],57.02999878
AGR,Singapore,2016 [YR2016],0.059999999
AGR,Sint Maarten (Dutch part),2016 [YR2016],..
AGR,Slovak Republic,2016 [YR2016],2.890000105
AGR,Slovenia,2016 [YR2016],5.019999981
AGR,Solomon Islands,2016 [YR2016],39.47999954
AGR,Somalia,2016 [YR2016],80.81999969
AGR,South Africa,2016 [YR2016],5.570000172
AGR,South Sudan,2016 [YR2016],61.84000015
AGR,Spain,2016 [YR2016],4.21999979
AGR,Sri Lanka,2016 [YR2016],27.10000038
AGR,St. Kitts and Nevis,2016 [YR2016],..
AGR,St. Lucia,2016 [YR2016],10.84000015
AGR,St. Vincent and the Grenadines,2016 [YR2016],10.84000015
AGR,Sudan,2016 [YR2016],40.36999893
AGR,Suriname,2016 [YR2016],8.239999771
AGR,Sweden,2016 [YR2016],1.889999986
AGR,Switzerland,2016 [YR2016],3.359999895
AGR,Syrian Arab Republic,2016 [YR2016],11.72999954
AGR,Tajikistan,2016 [YR2016],47.75999832
AGR,Tanzania,2016 [YR2016],66.86000061
AGR,Thailand,2016 [YR2016],31.15999985
AGR,Timor-Leste,2016 [YR2016],40.36000061
AGR,Togo,2016 [YR2016],36.25999832
AGR,Tonga,2016 [YR2016],21.45999908
AGR,Trinidad and Tobago,2016 [YR2016],3.25
AGR,Tunisia,2016 [YR2016],14.77000046
AGR,Turkiye,2016 [YR2016],19.5
AGR,Turkmenistan,2016 [YR2016],23.62000084
AGR,Turks and Caicos Islands,2016 [YR2016],..
AGR,Tuvalu,2016 [YR2016],..
AGR,Uganda,2016 [YR2016],72.41000366
AGR,Ukraine,2016 [YR2016],15.60000038
AGR,United Arab Emirates,2016 [YR2016],1.809999943
AGR,United Kingdom,2016 [YR2016],1.129999995
AGR,United States,2016 [YR2016],1.429999948
AGR,Uruguay,2016 [YR2016],8.220000267
AGR,Uzbekistan,2016 [YR2016],27.42000008
AGR,Vanuatu,2016 [YR2016],59.41999817
AGR,"Venezuela, RB",2016 [YR2016],7.400000095
AGR,Vietnam,2016 [YR2016],41.86999893
AGR,Virgin Islands (U.S.),2016 [YR2016],2.069999933
AGR,West Bank and Gaza,2016 [YR2016],7.360000134
AGR,World,2016 [YR2016],28.33261627
AGR,"Yemen, Rep.",2016 [YR2016],29.26000023
AGR,Zambia,2016 [YR2016],51.36999893
AGR,Zimbabwe,2016 [YR2016],66.87999725
AGR,Afghanistan,2017 [YR2017],43.99000168
AGR,Albania,2017 [YR2017],38.08000183
AGR,Algeria,2017 [YR2017],10.15999985
AGR,Angola,2017 [YR2017],50.99000168
AGR,Argentina,2017 [YR2017],0.059999999
AGR,Armenia,2017 [YR2017],31.34000015
AGR,Australia,2017 [YR2017],2.599999905
AGR,Austria,2017 [YR2017],3.930000067
AGR,Azerbaijan,2017 [YR2017],36.34999847
AGR,"Bahamas, The",2017 [YR2017],2.329999924
AGR,Bahrain,2017 [YR2017],1.00999999
AGR,Bangladesh,2017 [YR2017],40.59999847
AGR,Barbados,2017 [YR2017],2.75999999
AGR,Belarus,2017 [YR2017],10.69999981
AGR,Belgium,2017 [YR2017],1.159999967
AGR,Belize,2017 [YR2017],17.42000008
AGR,Benin,2017 [YR2017],39.86999893
AGR,Bhutan,2017 [YR2017],56.52000046
AGR,Bolivia,2017 [YR2017],30.48999977
AGR,Bosnia and Herzegovina,2017 [YR2017],16.81999969
AGR,Botswana,2017 [YR2017],20.87999916
AGR,Brazil,2017 [YR2017],9.460000038
AGR,Brunei Darussalam,2017 [YR2017],1.360000014
AGR,Bulgaria,2017 [YR2017],7.010000229
AGR,Burkina Faso,2017 [YR2017],28.02000046
AGR,Burundi,2017 [YR2017],86.30999756
AGR,Cabo Verde,2017 [YR2017],13.60999966
AGR,Cambodia,2017 [YR2017],38.20999908
AGR,Cameroon,2017 [YR2017],44.90999985
AGR,Canada,2017 [YR2017],1.519999981
AGR,Cayman Islands,2017 [YR2017],..
AGR,Central African Republic,2017 [YR2017],70.77999878
AGR,Chad,2017 [YR2017],75.63999939
AGR,Channel Islands,2017 [YR2017],2.779999971
AGR,Chile,2017 [YR2017],9.25
AGR,China,2017 [YR2017],26.97999954
AGR,Colombia,2017 [YR2017],16.53000069
AGR,Comoros,2017 [YR2017],35.70000076
AGR,"Congo, Dem. Rep.",2017 [YR2017],65.37999725
AGR,"Congo, Rep.",2017 [YR2017],34.06999969
AGR,Costa Rica,2017 [YR2017],12.57999992
AGR,Cote d'Ivoire,2017 [YR2017],41.88999939
AGR,Croatia,2017 [YR2017],6.980000019
AGR,Cuba,2017 [YR2017],17.98999977
AGR,Curacao,2017 [YR2017],..
AGR,Cyprus,2017 [YR2017],2.529999971
AGR,Czechia,2017 [YR2017],2.799999952
AGR,Denmark,2017 [YR2017],2.109999895
AGR,Djibouti,2017 [YR2017],26.45000076
AGR,Dominica,2017 [YR2017],..
AGR,Dominican Republic,2017 [YR2017],9.579999924
AGR,Ecuador,2017 [YR2017],27.69000053
AGR,"Egypt, Arab Rep.",2017 [YR2017],25.04999924
AGR,El Salvador,2017 [YR2017],18.57999992
AGR,Equatorial Guinea,2017 [YR2017],39.18999863
AGR,Eritrea,2017 [YR2017],64.88999939
AGR,Estonia,2017 [YR2017],3.529999971
AGR,Eswatini,2017 [YR2017],12.85999966
AGR,Ethiopia,2017 [YR2017],67.90000153
AGR,Faroe Islands,2017 [YR2017],..
AGR,Fiji,2017 [YR2017],18.47999954
AGR,Finland,2017 [YR2017],3.75999999
AGR,France,2017 [YR2017],2.609999895
AGR,French Polynesia,2017 [YR2017],7.260000229
AGR,Gabon,2017 [YR2017],31.11000061
AGR,"Gambia, The",2017 [YR2017],28.40999985
AGR,Georgia,2017 [YR2017],43.13000107
AGR,Germany,2017 [YR2017],1.279999971
AGR,Ghana,2017 [YR2017],32.56999969
AGR,Gibraltar,2017 [YR2017],..
AGR,Greece,2017 [YR2017],12.07999992
AGR,Guam,2017 [YR2017],0.25
AGR,Guatemala,2017 [YR2017],31.78000069
AGR,Guinea,2017 [YR2017],62.02999878
AGR,Guinea-Bissau,2017 [YR2017],61.56999969
AGR,Guyana,2017 [YR2017],16.25
AGR,Haiti,2017 [YR2017],29.70000076
AGR,Honduras,2017 [YR2017],31.98999977
AGR,"Hong Kong SAR, China",2017 [YR2017],0.180000007
AGR,Hungary,2017 [YR2017],5.039999962
AGR,Iceland,2017 [YR2017],3.75999999
AGR,India,2017 [YR2017],43.93000031
AGR,Indonesia,2017 [YR2017],30.79000092
AGR,"Iran, Islamic Rep.",2017 [YR2017],17.57999992
AGR,Iraq,2017 [YR2017],19.29000092
AGR,Ireland,2017 [YR2017],5.050000191
AGR,Isle of Man,2017 [YR2017],..
AGR,Israel,2017 [YR2017],1
AGR,Italy,2017 [YR2017],3.779999971
AGR,Jamaica,2017 [YR2017],16.78000069
AGR,Japan,2017 [YR2017],3.440000057
AGR,Jordan,2017 [YR2017],2.680000067
AGR,Kazakhstan,2017 [YR2017],16.55999947
AGR,Kenya,2017 [YR2017],55.86000061
AGR,Kiribati,2017 [YR2017],..
AGR,"Korea, Dem. People's Rep.",2017 [YR2017],44.59000015
AGR,"Korea, Rep.",2017 [YR2017],4.920000076
AGR,Kosovo,2017 [YR2017],..
AGR,Kuwait,2017 [YR2017],1.929999948
AGR,Kyrgyz Republic,2017 [YR2017],23.03000069
AGR,Lao PDR,2017 [YR2017],63.58000183
AGR,Latvia,2017 [YR2017],6.869999886
AGR,Lebanon,2017 [YR2017],12.07999992
AGR,Lesotho,2017 [YR2017],45.43000031
AGR,Liberia,2017 [YR2017],43.22000122
AGR,Libya,2017 [YR2017],17.57999992
AGR,Liechtenstein,2017 [YR2017],..
AGR,Lithuania,2017 [YR2017],7.78000021
AGR,Luxembourg,2017 [YR2017],1.389999986
AGR,"Macao SAR, China",2017 [YR2017],0.400000006
AGR,Madagascar,2017 [YR2017],65.25
AGR,Malawi,2017 [YR2017],76.86000061
AGR,Malaysia,2017 [YR2017],11.28999996
AGR,Maldives,2017 [YR2017],8.960000038
AGR,Mali,2017 [YR2017],63.13000107
AGR,Malta,2017 [YR2017],1
AGR,Marshall Islands,2017 [YR2017],..
AGR,Mauritania,2017 [YR2017],31.97999954
AGR,Mauritius,2017 [YR2017],6.429999828
AGR,Mexico,2017 [YR2017],13.11999989
AGR,"Micronesia, Fed. Sts.",2017 [YR2017],..
AGR,Moldova,2017 [YR2017],32.34000015
AGR,Monaco,2017 [YR2017],..
AGR,Mongolia,2017 [YR2017],28.78000069
AGR,Montenegro,2017 [YR2017],7.940000057
AGR,Morocco,2017 [YR2017],35.02999878
AGR,Mozambique,2017 [YR2017],71.05999756
AGR,Myanmar,2017 [YR2017],50.61999893
AGR,Namibia,2017 [YR2017],21.35000038
AGR,Nauru,2017 [YR2017],..
AGR,Nepal,2017 [YR2017],65.80999756
AGR,Netherlands,2017 [YR2017],2.269999981
AGR,New Caledonia,2017 [YR2017],2
AGR,New Zealand,2017 [YR2017],6.340000153
AGR,Nicaragua,2017 [YR2017],29.92000008
AGR,Niger,2017 [YR2017],73.22000122
AGR,Nigeria,2017 [YR2017],36.04999924
AGR,North Macedonia,2017 [YR2017],16.23999977
AGR,Northern Mariana Islands,2017 [YR2017],..
AGR,Norway,2017 [YR2017],2.059999943
AGR,Oman,2017 [YR2017],4.320000172
AGR,Pakistan,2017 [YR2017],39.86000061
AGR,Palau,2017 [YR2017],..
AGR,Panama,2017 [YR2017],14.48999977
AGR,Papua New Guinea,2017 [YR2017],58.15000153
AGR,Paraguay,2017 [YR2017],20.18000031
AGR,Peru,2017 [YR2017],27.69000053
AGR,Philippines,2017 [YR2017],25.44000053
AGR,Poland,2017 [YR2017],10.22000027
AGR,Portugal,2017 [YR2017],6.400000095
AGR,Puerto Rico,2017 [YR2017],1.129999995
AGR,Qatar,2017 [YR2017],1.25
AGR,Romania,2017 [YR2017],22.78000069
AGR,Russian Federation,2017 [YR2017],5.900000095
AGR,Rwanda,2017 [YR2017],64.62000275
AGR,Samoa,2017 [YR2017],31.40999985
AGR,San Marino,2017 [YR2017],..
AGR,Sao Tome and Principe,2017 [YR2017],20.10000038
AGR,Saudi Arabia,2017 [YR2017],3.559999943
AGR,Senegal,2017 [YR2017],31.62000084
AGR,Serbia,2017 [YR2017],17.21999931
AGR,Seychelles,2017 [YR2017],..
AGR,Sierra Leone,2017 [YR2017],56.13999939
AGR,Singapore,2017 [YR2017],0.059999999
AGR,Sint Maarten (Dutch part),2017 [YR2017],..
AGR,Slovak Republic,2017 [YR2017],2.710000038
AGR,Slovenia,2017 [YR2017],5.559999943
AGR,Solomon Islands,2017 [YR2017],38.75999832
AGR,Somalia,2017 [YR2017],80.69000244
AGR,South Africa,2017 [YR2017],5.28000021
AGR,South Sudan,2017 [YR2017],61.65999985
AGR,Spain,2017 [YR2017],4.349999905
AGR,Sri Lanka,2017 [YR2017],26.06999969
AGR,St. Kitts and Nevis,2017 [YR2017],..
AGR,St. Lucia,2017 [YR2017],10.35000038
AGR,St. Vincent and the Grenadines,2017 [YR2017],10.57999992
AGR,Sudan,2017 [YR2017],39.52000046
AGR,Suriname,2017 [YR2017],8.140000343
AGR,Sweden,2017 [YR2017],1.830000043
AGR,Switzerland,2017 [YR2017],3.109999895
AGR,Syrian Arab Republic,2017 [YR2017],11.22000027
AGR,Tajikistan,2017 [YR2017],46.68000031
AGR,Tanzania,2017 [YR2017],66.23000336
AGR,Thailand,2017 [YR2017],31.45999908
AGR,Timor-Leste,2017 [YR2017],41.02999878
AGR,Togo,2017 [YR2017],33.79000092
AGR,Tonga,2017 [YR2017],20.61000061
AGR,Trinidad and Tobago,2017 [YR2017],3.180000067
AGR,Tunisia,2017 [YR2017],14.81000042
AGR,Turkiye,2017 [YR2017],19.37999916
AGR,Turkmenistan,2017 [YR2017],22.68000031
AGR,Turks and Caicos Islands,2017 [YR2017],..
AGR,Tuvalu,2017 [YR2017],..
AGR,Uganda,2017 [YR2017],72.68000031
AGR,Ukraine,2017 [YR2017],15.40999985
AGR,United Arab Emirates,2017 [YR2017],1.620000005
AGR,United Kingdom,2017 [YR2017],1.159999967
AGR,United States,2017 [YR2017],1.429999948
AGR,Uruguay,2017 [YR2017],8.739999771
AGR,Uzbekistan,2017 [YR2017],27.14999962
AGR,Vanuatu,2017 [YR2017],58.56999969
AGR,"Venezuela, RB",2017 [YR2017],7.449999809
AGR,Vietnam,2017 [YR2017],40.15999985
AGR,Virgin Islands (U.S.),2017 [YR2017],2.029999971
AGR,West Bank and Gaza,2017 [YR2017],6.710000038
AGR,World,2017 [YR2017],27.80173081
AGR,"Yemen, Rep.",2017 [YR2017],28.89999962
AGR,Zambia,2017 [YR2017],50.70999908
AGR,Zimbabwe,2017 [YR2017],66.48000336
AGR,Afghanistan,2018 [YR2018],43.13000107
AGR,Albania,2018 [YR2018],37.29000092
AGR,Algeria,2018 [YR2018],9.880000114
AGR,Angola,2018 [YR2018],50.90999985
AGR,Argentina,2018 [YR2018],0.100000001
AGR,Armenia,2018 [YR2018],25.78000069
AGR,Australia,2018 [YR2018],2.619999886
AGR,Austria,2018 [YR2018],3.690000057
AGR,Azerbaijan,2018 [YR2018],36.25999832
AGR,"Bahamas, The",2018 [YR2018],2.25999999
AGR,Bahrain,2018 [YR2018],0.970000029
AGR,Bangladesh,2018 [YR2018],39.38999939
AGR,Barbados,2018 [YR2018],2.700000048
AGR,Belarus,2018 [YR2018],11.31000042
AGR,Belgium,2018 [YR2018],0.99000001
AGR,Belize,2018 [YR2018],17.01000023
AGR,Benin,2018 [YR2018],39.08000183
AGR,Bhutan,2018 [YR2018],56.11999893
AGR,Bolivia,2018 [YR2018],31.05999947
AGR,Bosnia and Herzegovina,2018 [YR2018],15.72999954
AGR,Botswana,2018 [YR2018],20.37000084
AGR,Brazil,2018 [YR2018],9.260000229
AGR,Brunei Darussalam,2018 [YR2018],1.059999943
AGR,Bulgaria,2018 [YR2018],6.579999924
AGR,Burkina Faso,2018 [YR2018],27.07999992
AGR,Burundi,2018 [YR2018],86.25
AGR,Cabo Verde,2018 [YR2018],11.84000015
AGR,Cambodia,2018 [YR2018],36.38000107
AGR,Cameroon,2018 [YR2018],44.16999817
AGR,Canada,2018 [YR2018],1.49000001
AGR,Cayman Islands,2018 [YR2018],..
AGR,Central African Republic,2018 [YR2018],70.30000305
AGR,Chad,2018 [YR2018],75.38999939
AGR,Channel Islands,2018 [YR2018],2.700000048
AGR,Chile,2018 [YR2018],9.220000267
AGR,China,2018 [YR2018],26.06999969
AGR,Colombia,2018 [YR2018],16.70999908
AGR,Comoros,2018 [YR2018],34.99000168
AGR,"Congo, Dem. Rep.",2018 [YR2018],64.80999756
AGR,"Congo, Rep.",2018 [YR2018],33.74000168
AGR,Costa Rica,2018 [YR2018],12.39999962
AGR,Cote d'Ivoire,2018 [YR2018],41.00999832
AGR,Croatia,2018 [YR2018],6.239999771
AGR,Cuba,2018 [YR2018],17.69000053
AGR,Curacao,2018 [YR2018],..
AGR,Cyprus,2018 [YR2018],2.170000076
AGR,Czechia,2018 [YR2018],2.799999952
AGR,Denmark,2018 [YR2018],2.190000057
AGR,Djibouti,2018 [YR2018],25.46999931
AGR,Dominica,2018 [YR2018],..
AGR,Dominican Republic,2018 [YR2018],9.329999924
AGR,Ecuador,2018 [YR2018],28.82999992
AGR,"Egypt, Arab Rep.",2018 [YR2018],21.65999985
AGR,El Salvador,2018 [YR2018],16.70999908
AGR,Equatorial Guinea,2018 [YR2018],39.15000153
AGR,Eritrea,2018 [YR2018],63.75999832
AGR,Estonia,2018 [YR2018],3.289999962
AGR,Eswatini,2018 [YR2018],12.5
AGR,Ethiopia,2018 [YR2018],67.29000092
AGR,Faroe Islands,2018 [YR2018],..
AGR,Fiji,2018 [YR2018],17.97999954
AGR,Finland,2018 [YR2018],3.710000038
AGR,France,2018 [YR2018],2.5
AGR,French Polynesia,2018 [YR2018],7.039999962
AGR,Gabon,2018 [YR2018],30.59000015
AGR,"Gambia, The",2018 [YR2018],27.70999908
AGR,Georgia,2018 [YR2018],38.90000153
AGR,Germany,2018 [YR2018],1.25
AGR,Ghana,2018 [YR2018],31.04999924
AGR,Gibraltar,2018 [YR2018],..
AGR,Greece,2018 [YR2018],12.27000046
AGR,Guam,2018 [YR2018],0.239999995
AGR,Guatemala,2018 [YR2018],31.73999977
AGR,Guinea,2018 [YR2018],61.31999969
AGR,Guinea-Bissau,2018 [YR2018],61.06000137
AGR,Guyana,2018 [YR2018],15.89000034
AGR,Haiti,2018 [YR2018],29.21999931
AGR,Honduras,2018 [YR2018],30.67000008
AGR,"Hong Kong SAR, China",2018 [YR2018],0.170000002
AGR,Hungary,2018 [YR2018],4.849999905
AGR,Iceland,2018 [YR2018],4.03000021
AGR,India,2018 [YR2018],43.33000183
AGR,Indonesia,2018 [YR2018],29.62999916
AGR,"Iran, Islamic Rep.",2018 [YR2018],17.69000053
AGR,Iraq,2018 [YR2018],18.81999969
AGR,Ireland,2018 [YR2018],4.769999981
AGR,Isle of Man,2018 [YR2018],..
AGR,Israel,2018 [YR2018],0.959999979
AGR,Italy,2018 [YR2018],3.75999999
AGR,Jamaica,2018 [YR2018],16.22999954
AGR,Japan,2018 [YR2018],3.49000001
AGR,Jordan,2018 [YR2018],2.579999924
AGR,Kazakhstan,2018 [YR2018],15.77000046
AGR,Kenya,2018 [YR2018],55.08000183
AGR,Kiribati,2018 [YR2018],..
AGR,"Korea, Dem. People's Rep.",2018 [YR2018],44.54000092
AGR,"Korea, Rep.",2018 [YR2018],5
AGR,Kosovo,2018 [YR2018],..
AGR,Kuwait,2018 [YR2018],1.860000014
AGR,Kyrgyz Republic,2018 [YR2018],20.43000031
AGR,Lao PDR,2018 [YR2018],62.36999893
AGR,Latvia,2018 [YR2018],6.96999979
AGR,Lebanon,2018 [YR2018],11.68999958
AGR,Lesotho,2018 [YR2018],44.90999985
AGR,Liberia,2018 [YR2018],42.77999878
AGR,Libya,2018 [YR2018],16.95999908
AGR,Liechtenstein,2018 [YR2018],..
AGR,Lithuania,2018 [YR2018],7.179999828
AGR,Luxembourg,2018 [YR2018],1.049999952
AGR,"Macao SAR, China",2018 [YR2018],0.400000006
AGR,Madagascar,2018 [YR2018],64.68000031
AGR,Malawi,2018 [YR2018],76.63999939
AGR,Malaysia,2018 [YR2018],10.63000011
AGR,Maldives,2018 [YR2018],8.609999657
AGR,Mali,2018 [YR2018],63
AGR,Malta,2018 [YR2018],1
AGR,Marshall Islands,2018 [YR2018],..
AGR,Mauritania,2018 [YR2018],31.52000046
AGR,Mauritius,2018 [YR2018],6.199999809
AGR,Mexico,2018 [YR2018],12.81000042
AGR,"Micronesia, Fed. Sts.",2018 [YR2018],..
AGR,Moldova,2018 [YR2018],24.45999908
AGR,Monaco,2018 [YR2018],..
AGR,Mongolia,2018 [YR2018],26.65999985
AGR,Montenegro,2018 [YR2018],8.020000458
AGR,Morocco,2018 [YR2018],34.15000153
AGR,Mozambique,2018 [YR2018],70.58999634
AGR,Myanmar,2018 [YR2018],48.16999817
AGR,Namibia,2018 [YR2018],22.59000015
AGR,Nauru,2018 [YR2018],..
AGR,Nepal,2018 [YR2018],65.08000183
AGR,Netherlands,2018 [YR2018],2.099999905
AGR,New Caledonia,2018 [YR2018],1.929999948
AGR,New Zealand,2018 [YR2018],5.909999847
AGR,Nicaragua,2018 [YR2018],30.32999992
AGR,Niger,2018 [YR2018],72.86000061
AGR,Nigeria,2018 [YR2018],35.52999878
AGR,North Macedonia,2018 [YR2018],15.72000027
AGR,Northern Mariana Islands,2018 [YR2018],..
AGR,Norway,2018 [YR2018],2.109999895
AGR,Oman,2018 [YR2018],4.139999866
AGR,Pakistan,2018 [YR2018],37.41999817
AGR,Palau,2018 [YR2018],..
AGR,Panama,2018 [YR2018],14.21000004
AGR,Papua New Guinea,2018 [YR2018],57.31999969
AGR,Paraguay,2018 [YR2018],20.07999992
AGR,Peru,2018 [YR2018],27.79000092
AGR,Philippines,2018 [YR2018],24.29000092
AGR,Poland,2018 [YR2018],9.619999886
AGR,Portugal,2018 [YR2018],6.039999962
AGR,Puerto Rico,2018 [YR2018],1.100000024
AGR,Qatar,2018 [YR2018],1.210000038
AGR,Romania,2018 [YR2018],22.30999947
AGR,Russian Federation,2018 [YR2018],5.880000114
AGR,Rwanda,2018 [YR2018],63.34999847
AGR,Samoa,2018 [YR2018],30.85000038
AGR,San Marino,2018 [YR2018],..
AGR,Sao Tome and Principe,2018 [YR2018],19.61000061
AGR,Saudi Arabia,2018 [YR2018],2.519999981
AGR,Senegal,2018 [YR2018],30.82999992
AGR,Serbia,2018 [YR2018],15.93000031
AGR,Seychelles,2018 [YR2018],..
AGR,Sierra Leone,2018 [YR2018],55.36000061
AGR,Singapore,2018 [YR2018],0.059999999
AGR,Sint Maarten (Dutch part),2018 [YR2018],..
AGR,Slovak Republic,2018 [YR2018],2.289999962
AGR,Slovenia,2018 [YR2018],5.480000019
AGR,Solomon Islands,2018 [YR2018],37.90999985
AGR,Somalia,2018 [YR2018],80.48999786
AGR,South Africa,2018 [YR2018],5.159999847
AGR,South Sudan,2018 [YR2018],60.84000015
AGR,Spain,2018 [YR2018],4.199999809
AGR,Sri Lanka,2018 [YR2018],25.5
AGR,St. Kitts and Nevis,2018 [YR2018],..
AGR,St. Lucia,2018 [YR2018],11.35000038
AGR,St. Vincent and the Grenadines,2018 [YR2018],10.31999969
AGR,Sudan,2018 [YR2018],38.95000076
AGR,Suriname,2018 [YR2018],8.020000458
AGR,Sweden,2018 [YR2018],1.730000019
AGR,Switzerland,2018 [YR2018],3.029999971
AGR,Syrian Arab Republic,2018 [YR2018],10.65999985
AGR,Tajikistan,2018 [YR2018],45.75999832
AGR,Tanzania,2018 [YR2018],65.66999817
AGR,Thailand,2018 [YR2018],32.13999939
AGR,Timor-Leste,2018 [YR2018],40.54000092
AGR,Togo,2018 [YR2018],33.09999847
AGR,Tonga,2018 [YR2018],19.85000038
AGR,Trinidad and Tobago,2018 [YR2018],3.109999895
AGR,Tunisia,2018 [YR2018],14.27999973
AGR,Turkiye,2018 [YR2018],18.43000031
AGR,Turkmenistan,2018 [YR2018],21.69000053
AGR,Turks and Caicos Islands,2018 [YR2018],..
AGR,Tuvalu,2018 [YR2018],..
AGR,Uganda,2018 [YR2018],72.44999695
AGR,Ukraine,2018 [YR2018],14.42000008
AGR,United Arab Emirates,2018 [YR2018],1.460000038
AGR,United Kingdom,2018 [YR2018],1.070000052
AGR,United States,2018 [YR2018],1.370000005
AGR,Uruguay,2018 [YR2018],8.359999657
AGR,Uzbekistan,2018 [YR2018],26.64999962
AGR,Vanuatu,2018 [YR2018],57.63999939
AGR,"Venezuela, RB",2018 [YR2018],7.539999962
AGR,Vietnam,2018 [YR2018],38.70000076
AGR,Virgin Islands (U.S.),2018 [YR2018],1.970000029
AGR,West Bank and Gaza,2018 [YR2018],6.320000172
AGR,World,2018 [YR2018],27.20551492
AGR,"Yemen, Rep.",2018 [YR2018],28.30999947
AGR,Zambia,2018 [YR2018],50.11000061
AGR,Zimbabwe,2018 [YR2018],66.01999664
AGR,Afghanistan,2019 [YR2019],42.5
AGR,Albania,2019 [YR2019],36.41999817
AGR,Algeria,2019 [YR2019],9.600000381
AGR,Angola,2019 [YR2019],50.72999954
AGR,Argentina,2019 [YR2019],0.059999999
AGR,Armenia,2019 [YR2019],24.04999924
AGR,Australia,2019 [YR2019],2.559999943
AGR,Austria,2019 [YR2019],3.660000086
AGR,Azerbaijan,2019 [YR2019],36
AGR,"Bahamas, The",2019 [YR2019],2.200000048
AGR,Bahrain,2019 [YR2019],0.939999998
AGR,Bangladesh,2019 [YR2019],38.29999924
AGR,Barbados,2019 [YR2019],2.650000095
AGR,Belarus,2019 [YR2019],11.06000042
AGR,Belgium,2019 [YR2019],0.920000017
AGR,Belize,2019 [YR2019],16.79999924
AGR,Benin,2019 [YR2019],38.27000046
AGR,Bhutan,2019 [YR2019],55.77999878
AGR,Bolivia,2019 [YR2019],30.54000092
AGR,Bosnia and Herzegovina,2019 [YR2019],17.95999908
AGR,Botswana,2019 [YR2019],19.89999962
AGR,Brazil,2019 [YR2019],9.079999924
AGR,Brunei Darussalam,2019 [YR2019],1.950000048
AGR,Bulgaria,2019 [YR2019],6.619999886
AGR,Burkina Faso,2019 [YR2019],26.20999908
AGR,Burundi,2019 [YR2019],86.20999908
AGR,Cabo Verde,2019 [YR2019],10.60000038
AGR,Cambodia,2019 [YR2019],34.52999878
AGR,Cameroon,2019 [YR2019],43.49000168
AGR,Canada,2019 [YR2019],1.50999999
AGR,Cayman Islands,2019 [YR2019],..
AGR,Central African Republic,2019 [YR2019],69.84999847
AGR,Chad,2019 [YR2019],75.05999756
AGR,Channel Islands,2019 [YR2019],2.619999886
AGR,Chile,2019 [YR2019],8.979999542
AGR,China,2019 [YR2019],25.32999992
AGR,Colombia,2019 [YR2019],15.77000046
AGR,Comoros,2019 [YR2019],34.38000107
AGR,"Congo, Dem. Rep.",2019 [YR2019],64.30000305
AGR,"Congo, Rep.",2019 [YR2019],33.52999878
AGR,Costa Rica,2019 [YR2019],11.97000027
AGR,Cote d'Ivoire,2019 [YR2019],40.15000153
AGR,Croatia,2019 [YR2019],6.190000057
AGR,Cuba,2019 [YR2019],17.39999962
AGR,Curacao,2019 [YR2019],..
AGR,Cyprus,2019 [YR2019],2.410000086
AGR,Czechia,2019 [YR2019],2.660000086
AGR,Denmark,2019 [YR2019],2.220000029
AGR,Djibouti,2019 [YR2019],24.54999924
AGR,Dominica,2019 [YR2019],..
AGR,Dominican Republic,2019 [YR2019],8.779999733
AGR,Ecuador,2019 [YR2019],29.73999977
AGR,"Egypt, Arab Rep.",2019 [YR2019],20.62000084
AGR,El Salvador,2019 [YR2019],16.29000092
AGR,Equatorial Guinea,2019 [YR2019],39.50999832
AGR,Eritrea,2019 [YR2019],63.11999893
AGR,Estonia,2019 [YR2019],3.170000076
AGR,Eswatini,2019 [YR2019],12.14999962
AGR,Ethiopia,2019 [YR2019],66.62999725
AGR,Faroe Islands,2019 [YR2019],..
AGR,Fiji,2019 [YR2019],17.61000061
AGR,Finland,2019 [YR2019],3.779999971
AGR,France,2019 [YR2019],2.529999971
AGR,French Polynesia,2019 [YR2019],6.829999924
AGR,Gabon,2019 [YR2019],29.95999908
AGR,"Gambia, The",2019 [YR2019],27.03000069
AGR,Georgia,2019 [YR2019],38.15000153
AGR,Germany,2019 [YR2019],1.210000038
AGR,Ghana,2019 [YR2019],29.75
AGR,Gibraltar,2019 [YR2019],..
AGR,Greece,2019 [YR2019],11.60000038
AGR,Guam,2019 [YR2019],0.230000004
AGR,Guatemala,2019 [YR2019],31.29999924
AGR,Guinea,2019 [YR2019],60.65000153
AGR,Guinea-Bissau,2019 [YR2019],60.47999954
AGR,Guyana,2019 [YR2019],15.43999958
AGR,Haiti,2019 [YR2019],29.03000069
AGR,Honduras,2019 [YR2019],29.48999977
AGR,"Hong Kong SAR, China",2019 [YR2019],0.170000002
AGR,Hungary,2019 [YR2019],4.71999979
AGR,Iceland,2019 [YR2019],4.039999962
AGR,India,2019 [YR2019],42.59999847
AGR,Indonesia,2019 [YR2019],28.5
AGR,"Iran, Islamic Rep.",2019 [YR2019],17.37000084
AGR,Iraq,2019 [YR2019],18.27000046
AGR,Ireland,2019 [YR2019],4.429999828
AGR,Isle of Man,2019 [YR2019],..
AGR,Israel,2019 [YR2019],0.920000017
AGR,Italy,2019 [YR2019],3.890000105
AGR,Jamaica,2019 [YR2019],15.22000027
AGR,Japan,2019 [YR2019],3.380000114
AGR,Jordan,2019 [YR2019],2.470000029
AGR,Kazakhstan,2019 [YR2019],14.85999966
AGR,Kenya,2019 [YR2019],54.34000015
AGR,Kiribati,2019 [YR2019],..
AGR,"Korea, Dem. People's Rep.",2019 [YR2019],43.81999969
AGR,"Korea, Rep.",2019 [YR2019],5.139999866
AGR,Kosovo,2019 [YR2019],..
AGR,Kuwait,2019 [YR2019],1.779999971
AGR,Kyrgyz Republic,2019 [YR2019],19.31999969
AGR,Lao PDR,2019 [YR2019],61.43999863
AGR,Latvia,2019 [YR2019],7.289999962
AGR,Lebanon,2019 [YR2019],11.31999969
AGR,Lesotho,2019 [YR2019],44.29999924
AGR,Liberia,2019 [YR2019],42.61999893
AGR,Libya,2019 [YR2019],16.40999985
AGR,Liechtenstein,2019 [YR2019],..
AGR,Lithuania,2019 [YR2019],6.440000057
AGR,Luxembourg,2019 [YR2019],0.680000007
AGR,"Macao SAR, China",2019 [YR2019],0.400000006
AGR,Madagascar,2019 [YR2019],64.12000275
AGR,Malawi,2019 [YR2019],76.36000061
AGR,Malaysia,2019 [YR2019],10.27999973
AGR,Maldives,2019 [YR2019],8.319999695
AGR,Mali,2019 [YR2019],62.43999863
AGR,Malta,2019 [YR2019],1.019999981
AGR,Marshall Islands,2019 [YR2019],..
AGR,Mauritania,2019 [YR2019],30.82999992
AGR,Mauritius,2019 [YR2019],5.96999979
AGR,Mexico,2019 [YR2019],12.47999954
AGR,"Micronesia, Fed. Sts.",2019 [YR2019],..
AGR,Moldova,2019 [YR2019],20.95999908
AGR,Monaco,2019 [YR2019],..
AGR,Mongolia,2019 [YR2019],25.31999969
AGR,Montenegro,2019 [YR2019],7.150000095
AGR,Morocco,2019 [YR2019],33.25
AGR,Mozambique,2019 [YR2019],70.22000122
AGR,Myanmar,2019 [YR2019],48.84999847
AGR,Namibia,2019 [YR2019],21.85000038
AGR,Nauru,2019 [YR2019],..
AGR,Nepal,2019 [YR2019],64.37999725
AGR,Netherlands,2019 [YR2019],2.079999924
AGR,New Caledonia,2019 [YR2019],1.870000005
AGR,New Zealand,2019 [YR2019],5.840000153
AGR,Nicaragua,2019 [YR2019],30.60000038
AGR,Niger,2019 [YR2019],72.54000092
AGR,Nigeria,2019 [YR2019],34.97000122
AGR,North Macedonia,2019 [YR2019],13.92000008
AGR,Northern Mariana Islands,2019 [YR2019],..
AGR,Norway,2019 [YR2019],2.039999962
AGR,Oman,2019 [YR2019],3.99000001
AGR,Pakistan,2019 [YR2019],36.91999817
AGR,Palau,2019 [YR2019],..
AGR,Panama,2019 [YR2019],14.40999985
AGR,Papua New Guinea,2019 [YR2019],56.15000153
AGR,Paraguay,2019 [YR2019],18.71999931
AGR,Peru,2019 [YR2019],27.37000084
AGR,Philippines,2019 [YR2019],22.86000061
AGR,Poland,2019 [YR2019],9.149999619
AGR,Portugal,2019 [YR2019],5.5
AGR,Puerto Rico,2019 [YR2019],1.090000033
AGR,Qatar,2019 [YR2019],1.169999957
AGR,Romania,2019 [YR2019],21.23999977
AGR,Russian Federation,2019 [YR2019],5.829999924
AGR,Rwanda,2019 [YR2019],62.29000092
AGR,Samoa,2019 [YR2019],30.20999908
AGR,San Marino,2019 [YR2019],..
AGR,Sao Tome and Principe,2019 [YR2019],19.13999939
AGR,Saudi Arabia,2019 [YR2019],2.410000086
AGR,Senegal,2019 [YR2019],30.10000038
AGR,Serbia,2019 [YR2019],15.60999966
AGR,Seychelles,2019 [YR2019],..
AGR,Sierra Leone,2019 [YR2019],54.49000168
AGR,Singapore,2019 [YR2019],0.029999999
AGR,Sint Maarten (Dutch part),2019 [YR2019],..
AGR,Slovak Republic,2019 [YR2019],2.789999962
AGR,Slovenia,2019 [YR2019],4.28000021
AGR,Solomon Islands,2019 [YR2019],37.25999832
AGR,Somalia,2019 [YR2019],80.27999878
AGR,South Africa,2019 [YR2019],5.28000021
AGR,South Sudan,2019 [YR2019],60.38000107
AGR,Spain,2019 [YR2019],4.03000021
AGR,Sri Lanka,2019 [YR2019],24.97999954
AGR,St. Kitts and Nevis,2019 [YR2019],..
AGR,St. Lucia,2019 [YR2019],9.970000267
AGR,St. Vincent and the Grenadines,2019 [YR2019],10.07999992
AGR,Sudan,2019 [YR2019],38.36999893
AGR,Suriname,2019 [YR2019],8.079999924
AGR,Sweden,2019 [YR2019],1.690000057
AGR,Switzerland,2019 [YR2019],2.589999914
AGR,Syrian Arab Republic,2019 [YR2019],10.13000011
AGR,Tajikistan,2019 [YR2019],44.72000122
AGR,Tanzania,2019 [YR2019],65.08999634
AGR,Thailand,2019 [YR2019],31.43000031
AGR,Timor-Leste,2019 [YR2019],39.27999878
AGR,Togo,2019 [YR2019],32.38000107
AGR,Tonga,2019 [YR2019],19.37000084
AGR,Trinidad and Tobago,2019 [YR2019],3.029999971
AGR,Tunisia,2019 [YR2019],13.80000019
AGR,Turkiye,2019 [YR2019],18.11000061
AGR,Turkmenistan,2019 [YR2019],20.68000031
AGR,Turks and Caicos Islands,2019 [YR2019],..
AGR,Tuvalu,2019 [YR2019],..
AGR,Uganda,2019 [YR2019],72.12999725
AGR,Ukraine,2019 [YR2019],13.81999969
AGR,United Arab Emirates,2019 [YR2019],1.389999986
AGR,United Kingdom,2019 [YR2019],1.049999952
AGR,United States,2019 [YR2019],1.360000014
AGR,Uruguay,2019 [YR2019],8.409999847
AGR,Uzbekistan,2019 [YR2019],25.70999908
AGR,Vanuatu,2019 [YR2019],56.77999878
AGR,"Venezuela, RB",2019 [YR2019],7.860000134
AGR,Vietnam,2019 [YR2019],37.22000122
AGR,Virgin Islands (U.S.),2019 [YR2019],1.929999948
AGR,West Bank and Gaza,2019 [YR2019],6.050000191
AGR,World,2019 [YR2019],26.7381981
AGR,"Yemen, Rep.",2019 [YR2019],27.54999924
AGR,Zambia,2019 [YR2019],49.63999939
AGR,Zimbabwe,2019 [YR2019],66.19000244
