name,price,date
Flour,0.616383,Jan-2000
Flour,0.6152307,Feb-2000
Flour,0.6508163,Mar-2000
Flour,0.6497222,Apr-2000
Flour,0.64,May-2000
Flour,0.6586232,Jun-2000
Flour,0.6469784,Jul-2000
Flour,0.6427211,Aug-2000
Flour,0.6506383,Sep-2000
Flour,0.625,Oct-2000
Flour,0.6440845,Nov-2000
Flour,0.6394964,Dec-2000
Flour,0.647324,Jan-2001
Flour,0.6182069,Feb-2001
Flour,0.6418621,Mar-2001
Flour,0.6125,Apr-2001
Flour,0.6570833,May-2001
Flour,0.653446,Jun-2001
Flour,0.6483448,Jul-2001
Flour,0.6502759,Aug-2001
Flour,0.6142647,Sep-2001
Flour,0.6011764,Oct-2001
Flour,0.6002837,Nov-2001
Flour,0.6220438,Dec-2001
Flour,0.6413139,Jan-2002
Flour,0.6613935,Feb-2002
Flour,0.6579033,Mar-2002
Flour,0.6380153,Apr-2002
Flour,0.6438931,May-2002
Flour,0.6403846,Jun-2002
Flour,0.6373643,Jul-2002
Flour,0.6337209,Aug-2002
Flour,0.6359504,Sep-2002
Flour,0.628,Oct-2002
Flour,0.6304724,Nov-2002
Flour,0.6554839,Dec-2002
Flour,0.6475757,Jan-2003
Flour,0.6387023,Feb-2003
Flour,0.6313741,Mar-2003
Flour,0.6495495,Apr-2003
Flour,0.6530089,May-2003
Flour,0.6502655,Jun-2003
Flour,0.6528448,Jul-2003
Flour,0.6535398,Aug-2003
Flour,0.6421818,Sep-2003
Flour,0.6689474,Oct-2003
Flour,0.6591667,Nov-2003
Flour,0.630073,Dec-2003
Flour,0.6590226,Jan-2004
Flour,0.6810924,Feb-2004
Flour,0.7029661,Mar-2004
Flour,0.7023077,Apr-2004
Flour,0.6928926,May-2004
Flour,0.6910744,Jun-2004
Flour,0.6855834,Jul-2004
Flour,0.6890164,Aug-2004
Flour,0.6927049,Sep-2004
Flour,0.6714754,Oct-2004
Flour,0.69672,Nov-2004
Flour,0.6920325,Dec-2004
Flour,0.6880952,Jan-2005
Flour,0.6812605,Feb-2005
Flour,0.6785,Mar-2005
Flour,0.6809836,Apr-2005
Flour,0.6862667,May-2005
Flour,0.67912,Jun-2005
Flour,0.6716,Jul-2005
Flour,0.6708264,Aug-2005
Flour,0.6678689,Sep-2005
Flour,0.6595041,Oct-2005
Flour,0.6692373,Nov-2005
Flour,0.6703361,Dec-2005
Flour,0.675,Jan-2006
Flour,0.67256,Feb-2006
Flour,0.6690756,Mar-2006
Flour,0.6683478,Apr-2006
Flour,0.682735,May-2006
Flour,0.6968,Jun-2006
Flour,0.69264,Jul-2006
Flour,0.7048,Aug-2006
Flour,0.7042063,Sep-2006
Flour,0.7059349,Oct-2006
Flour,0.7131707,Nov-2006
Flour,0.709127,Dec-2006
Flour,0.7044737,Jan-2007
Flour,0.7127193,Feb-2007
Flour,0.7415873,Mar-2007
Flour,0.763,Apr-2007
Flour,0.7861654,May-2007
Flour,0.7875194,Jun-2007
Flour,0.7825926,Jul-2007
Flour,0.7755905,Aug-2007
Flour,0.8837984,Sep-2007
Flour,0.8975373,Oct-2007
Flour,0.9044117,Nov-2007
Flour,0.9009489,Dec-2007
Flour,0.9327007,Jan-2008
Flour,0.9211278,Feb-2008
Flour,0.9577941,Mar-2008
Flour,0.9793283,Apr-2008
Flour,0.9773077,May-2008
Flour,1.021429,Jun-2008
Flour,1.020379,Jul-2008
Flour,0.99816,Aug-2008
Flour,1.02063,Sep-2008
Flour,1.042326,Oct-2008
Flour,1.039549,Nov-2008
Flour,1.038444,Dec-2008
Flour,1.04438,Jan-2009
Flour,0.9934849,Feb-2009
Flour,1.031716,Mar-2009
Flour,1.039179,Apr-2009
Flour,1.030896,May-2009
Flour,1.042672,Jun-2009
Flour,1.044296,Jul-2009
Flour,1.057664,Aug-2009
Flour,1.047883,Sep-2009
Flour,1.037445,Oct-2009
Flour,1.033188,Nov-2009
Flour,1.038841,Dec-2009
Flour,0.9805385,Jan-2010
Flour,0.9253781,Feb-2010
Flour,0.9756911,Mar-2010
Flour,0.9769531,Apr-2010
Flour,0.9765834,May-2010
Flour,0.9928788,Jun-2010
Flour,0.9689474,Jul-2010
Flour,0.9828777,Aug-2010
Flour,0.912406,Sep-2010
Flour,0.9520422,Oct-2010
Flour,1.147037,Nov-2010
Flour,1.190821,Dec-2010
Flour,1.239191,Jan-2011
Flour,1.13728,Feb-2011
Flour,1.208333,Mar-2011
Flour,1.187721,Apr-2011
Flour,1.307194,May-2011
Flour,1.314014,Jun-2011
Flour,1.292,Jul-2011
Flour,1.2375,Aug-2011
Flour,1.275036,Sep-2011
Flour,1.244571,Oct-2011
Flour,1.181618,Nov-2011
Flour,1.177914,Dec-2011
Flour,1.246761,Jan-2012
Flour,1.17306,Feb-2012
Flour,1.210217,Mar-2012
Flour,1.202574,Apr-2012
Flour,1.192878,May-2012
Flour,1.163741,Jun-2012
Flour,1.142059,Jul-2012
Flour,1.084667,Aug-2012
Flour,1.087674,Sep-2012
Flour,1.044511,Oct-2012
Flour,1.040895,Nov-2012
Flour,1.075373,Dec-2012
Flour,1.11782,Jan-2013
Flour,1.117803,Feb-2013
Flour,1.19635,Mar-2013
Flour,1.218425,Apr-2013
Flour,1.253901,May-2013
Flour,1.244255,Jun-2013
Flour,1.233088,Jul-2013
Flour,1.206194,Aug-2013
Flour,1.271061,Sep-2013
Flour,1.233657,Oct-2013
Flour,1.24838,Nov-2013
Flour,1.219643,Dec-2013
Flour,1.269225,Jan-2014
Flour,1.194488,Feb-2014
Flour,1.134141,Mar-2014
Flour,1.096667,Apr-2014
Flour,1.114132,May-2014
Flour,1.100155,Jun-2014
Flour,1.097813,Jul-2014
Flour,1.111151,Aug-2014
Flour,1.087259,Sep-2014
Flour,1.060735,Oct-2014
Flour,1.083333,Nov-2014
Flour,0.9862319,Dec-2014
Flour,0.9863768,Jan-2015
Flour,0.9679851,Feb-2015
Flour,0.9300725,Mar-2015
Flour,0.9123448,Apr-2015
Flour,0.9151428,May-2015
Flour,0.913125,Jun-2015
Flour,0.9104138,Jul-2015
Flour,0.9038621,Aug-2015
Flour,0.9141726,Sep-2015
Flour,0.9100704,Oct-2015
Flour,0.865,Nov-2015
Flour,0.8684058,Dec-2015
Flour,0.8454225,Jan-2016
Flour,0.8216084,Feb-2016
Flour,0.8156552,Mar-2016
Flour,0.8246154,Apr-2016
Flour,0.8120689,May-2016
Flour,0.8202817,Jun-2016
Flour,0.79,Jul-2016
Flour,0.8061268,Aug-2016
Flour,0.7977397,Sep-2016
Flour,0.7966207,Oct-2016
Flour,0.7973104,Nov-2016
Flour,0.8078378,Dec-2016
Flour,0.7964626,Jan-2017
Flour,0.8032653,Feb-2017
Flour,0.8055782,Mar-2017
Flour,0.8189334,Apr-2017
Flour,0.8291781,May-2017
Flour,0.8198572,Jun-2017
Flour,0.8354225,Jul-2017
Flour,0.8369655,Aug-2017
Flour,0.808,Sep-2017
Flour,0.7972593,Oct-2017
Flour,0.8286806,Nov-2017
Flour,0.8241379,Dec-2017
Flour,0.8272222,Jan-2018
Flour,0.7984397,Feb-2018
Flour,0.805188,Mar-2018
Flour,0.79,Apr-2018
Flour,0.7884722,May-2018
Flour,0.7654483,Jun-2018
Flour,0.7593836,Jul-2018
Flour,0.7567808,Aug-2018
Flour,0.7488965,Sep-2018
Flour,0.7441781,Oct-2018
Flour,0.7507746,Nov-2018
Flour,0.7517021,Dec-2018
Flour,0.7438346,Jan-2019
Flour,0.7402256,Feb-2019
Flour,0.7435915,Mar-2019
Flour,0.7563449,Apr-2019
Flour,0.7570834,May-2019
Flour,0.7511111,Jun-2019
Flour,0.745625,Jul-2019
Flour,0.7342857,Aug-2019
Flour,0.7405714,Sep-2019
Flour,0.7406428,Oct-2019
Flour,0.7555797,Nov-2019
Flour,0.7447183,Dec-2019
Flour,0.7532143,Jan-2020
Flour,0.7496428,Feb-2020
Flour,0.8064,Mar-2020
Flour,0.7083333,Apr-2020
Flour,0.7428889,May-2020
Flour,0.7919444,Jun-2020
Flour,0.9165789,Jul-2020
Flour,0.778018,Aug-2020
Flour,0.7517143,Sep-2020
Flour,0.7603419,Oct-2020
Flour,0.7379546,Nov-2020
Flour,0.7204081,Dec-2020
Flour,0.7063025,Jan-2021
Flour,0.6444538,Feb-2021
Flour,0.6465254,Mar-2021
Flour,0.6326496,Apr-2021
Flour,0.6509524,May-2021
Flour,0.7015929,Jun-2021
Flour,0.687,Jul-2021
Flour,0.6830657,Aug-2021
Flour,0.6921324,Sep-2021
Flour,0.7121831,Oct-2021
Flour,0.7122378,Nov-2021
Flour,0.7111189,Dec-2021
Flour,0.7240559,Jan-2022
Flour,0.7167164,Feb-2022
Flour,0.7459574,Mar-2022
Flour,0.7632639,Apr-2022
Flour,0.7843357,May-2022
Flour,0.8095804,Jun-2022
Flour,0.8486363,Jul-2022
Flour,0.8572857,Aug-2022
Flour,0.8586525,Sep-2022
Flour,0.8523077,Oct-2022
Flour,0.8518897,Nov-2022
Pasta,0.5351613,Jan-2000
Pasta,0.5376667,Feb-2000
Pasta,0.54,Mar-2000
Pasta,0.538255,Apr-2000
Pasta,0.5316556,May-2000
Pasta,0.5254422,Jun-2000
Pasta,0.4914598,Jul-2000
Pasta,0.5368182,Aug-2000
Pasta,0.5164138,Sep-2000
Pasta,0.5363333,Oct-2000
Pasta,0.5281818,Nov-2000
Pasta,0.5357143,Dec-2000
Pasta,0.5306756,Jan-2001
Pasta,0.5372603,Feb-2001
Pasta,0.5334932,Mar-2001
Pasta,0.5495364,Apr-2001
Pasta,0.5550967,May-2001
Pasta,0.553522,Jun-2001
Pasta,0.5494771,Jul-2001
Pasta,0.5602027,Aug-2001
Pasta,0.5492208,Sep-2001
Pasta,0.5478064,Oct-2001
Pasta,0.5154861,Nov-2001
Pasta,0.554671,Dec-2001
Pasta,0.5495394,Jan-2002
Pasta,0.5769065,Feb-2002
Pasta,0.5882432,Mar-2002
Pasta,0.5637931,Apr-2002
Pasta,0.5723179,May-2002
Pasta,0.5744079,Jun-2002
Pasta,0.5834437,Jul-2002
Pasta,0.5828105,Aug-2002
Pasta,0.5722,Sep-2002
Pasta,0.5737324,Oct-2002
Pasta,0.5805442,Nov-2002
Pasta,0.585,Dec-2002
Pasta,0.5704827,Jan-2003
Pasta,0.5522326,Feb-2003
Pasta,0.5290476,Mar-2003
Pasta,0.5669101,Apr-2003
Pasta,0.5443787,May-2003
Pasta,0.5734807,Jun-2003
Pasta,0.5825967,Jul-2003
Pasta,0.5881035,Aug-2003
Pasta,0.5724044,Sep-2003
Pasta,0.5629891,Oct-2003
Pasta,0.5522388,Nov-2003
Pasta,0.5720814,Dec-2003
Pasta,0.5630397,Jan-2004
Pasta,0.5722018,Feb-2004
Pasta,0.5790455,Mar-2004
Pasta,0.5619546,Apr-2004
Pasta,0.5449057,May-2004
Pasta,0.536872,Jun-2004
Pasta,0.5536279,Jul-2004
Pasta,0.5407798,Aug-2004
Pasta,0.5432039,Sep-2004
Pasta,0.5536702,Oct-2004
Pasta,0.5292105,Nov-2004
Pasta,0.554853,Dec-2004
Pasta,0.5498995,Jan-2005
Pasta,0.5586191,Feb-2005
Pasta,0.5544928,Mar-2005
Pasta,0.5344393,Apr-2005
Pasta,0.539916,May-2005
Pasta,0.5158706,Jun-2005
Pasta,0.5415714,Jul-2005
Pasta,0.5356098,Aug-2005
Pasta,0.5419898,Sep-2005
Pasta,0.5289524,Oct-2005
Pasta,0.5532161,Nov-2005
Pasta,0.5524873,Dec-2005
Pasta,0.5599487,Jan-2006
Pasta,0.5594898,Feb-2006
Pasta,0.55685,Mar-2006
Pasta,0.5421808,Apr-2006
Pasta,0.5430435,May-2006
Pasta,0.5161026,Jun-2006
Pasta,0.5103941,Jul-2006
Pasta,0.4958525,Aug-2006
Pasta,0.497963,Sep-2006
Pasta,0.479814,Oct-2006
Pasta,0.4945714,Nov-2006
Pasta,0.4960092,Dec-2006
Pasta,0.4754146,Jan-2007
Pasta,0.4931,Feb-2007
Pasta,0.4825,Mar-2007
Pasta,0.465,Apr-2007
Pasta,0.4923697,May-2007
Pasta,0.4956872,Jun-2007
Pasta,0.4722927,Jul-2007
Pasta,0.4789623,Aug-2007
Pasta,0.5384,Sep-2007
Pasta,0.5610417,Oct-2007
Pasta,0.5985849,Nov-2007
Pasta,0.6181106,Dec-2007
Pasta,0.6055122,Jan-2008
Pasta,0.655493,Feb-2008
Pasta,0.6614027,Mar-2008
Pasta,0.6680488,Apr-2008
Pasta,0.7397102,May-2008
Pasta,0.7681603,Jun-2008
Pasta,0.837757,Jul-2008
Pasta,0.8221363,Aug-2008
Pasta,0.8286111,Sep-2008
Pasta,0.8345833,Oct-2008
Pasta,0.8406912,Nov-2008
Pasta,0.8319907,Dec-2008
Pasta,0.8098148,Jan-2009
Pasta,0.7902985,Feb-2009
Pasta,0.759505,Mar-2009
Pasta,0.7028205,Apr-2009
Pasta,0.7699517,May-2009
Pasta,0.7627053,Jun-2009
Pasta,0.779703,Jul-2009
Pasta,0.7701376,Aug-2009
Pasta,0.7326339,Sep-2009
Pasta,0.7233031,Oct-2009
Pasta,0.6983929,Nov-2009
Pasta,0.7069058,Dec-2009
Pasta,0.7219282,Jan-2010
Pasta,0.6785253,Feb-2010
Pasta,0.6590909,Mar-2010
Pasta,0.7204825,Apr-2010
Pasta,0.7331465,May-2010
Pasta,0.7225,Jun-2010
Pasta,0.7665939,Jul-2010
Pasta,0.7956465,Aug-2010
Pasta,0.8390638,Sep-2010
Pasta,0.8394421,Oct-2010
Pasta,0.8406957,Nov-2010
Pasta,0.85,Dec-2010
Pasta,0.8714285,Jan-2011
Pasta,0.9098696,Feb-2011
Pasta,0.8991561,Mar-2011
Pasta,0.8883871,Apr-2011
Pasta,0.9032273,May-2011
Pasta,0.9461991,Jun-2011
Pasta,0.9920465,Jul-2011
Pasta,0.9847273,Aug-2011
Pasta,0.9840183,Sep-2011
Pasta,0.9591244,Oct-2011
Pasta,0.9535159,Nov-2011
Pasta,0.9638667,Dec-2011
Pasta,0.9680591,Jan-2012
Pasta,1.019696,Feb-2012
Pasta,1.013476,Mar-2012
Pasta,1.020667,Apr-2012
Pasta,1.05,May-2012
Pasta,1.05416,Jun-2012
Pasta,1.05,Jul-2012
Pasta,1.047702,Aug-2012
Pasta,1.072034,Sep-2012
Pasta,1.063234,Oct-2012
Pasta,1.07928,Nov-2012
Pasta,1.087511,Dec-2012
Pasta,0.9684322,Jan-2013
Pasta,1.032189,Feb-2013
Pasta,1.041623,Mar-2013
Pasta,1.045112,Apr-2013
Pasta,1.012563,May-2013
Pasta,1.049823,Jun-2013
Pasta,1.027124,Jul-2013
Pasta,1.050511,Aug-2013
Pasta,1.008936,Sep-2013
Pasta,0.9788839,Oct-2013
Pasta,1.048692,Nov-2013
Pasta,1.005494,Dec-2013
Pasta,1.050551,Jan-2014
Pasta,1.039134,Feb-2014
Pasta,1.043136,Mar-2014
Pasta,1.069412,Apr-2014
Pasta,1.036178,May-2014
Pasta,1.027076,Jun-2014
Pasta,1.059279,Jul-2014
Pasta,1.048101,Aug-2014
Pasta,1.061967,Sep-2014
Pasta,1.046513,Oct-2014
Pasta,1.047647,Nov-2014
Pasta,1.001838,Dec-2014
Pasta,0.9714163,Jan-2015
Pasta,0.9924255,Feb-2015
Pasta,1.004249,Mar-2015
Pasta,1.018133,Apr-2015
Pasta,0.99275,May-2015
Pasta,0.9716102,Jun-2015
Pasta,0.9429075,Jul-2015
Pasta,1.000553,Aug-2015
Pasta,0.9922078,Sep-2015
Pasta,0.9312227,Oct-2015
Pasta,0.9915385,Nov-2015
Pasta,1.010591,Dec-2015
Pasta,0.932647,Jan-2016
Pasta,0.9576891,Feb-2016
Pasta,1.005439,Mar-2016
Pasta,0.9712033,Apr-2016
Pasta,0.9847916,May-2016
Pasta,0.931841,Jun-2016
Pasta,0.9053509,Jul-2016
Pasta,0.9137447,Aug-2016
Pasta,0.9595,Sep-2016
Pasta,0.881822,Oct-2016
Pasta,0.9071009,Nov-2016
Pasta,0.8496537,Dec-2016
Pasta,0.8384783,Jan-2017
Pasta,0.896805,Feb-2017
Pasta,0.8585477,Mar-2017
Pasta,0.8720902,Apr-2017
Pasta,0.8760494,May-2017
Pasta,0.834226,Jun-2017
Pasta,0.8292083,Jul-2017
Pasta,0.8368334,Aug-2017
Pasta,0.852,Sep-2017
Pasta,0.8582627,Oct-2017
Pasta,0.8357204,Nov-2017
Pasta,0.890766,Dec-2017
Pasta,0.8839496,Jan-2018
Pasta,0.7926778,Feb-2018
Pasta,0.8539166,Mar-2018
Pasta,0.7995417,Apr-2018
Pasta,0.7828926,May-2018
Pasta,0.7808197,Jun-2018
Pasta,0.8014403,Jul-2018
Pasta,0.7716872,Aug-2018
Pasta,0.7896265,Sep-2018
Pasta,0.752418,Oct-2018
Pasta,0.7457025,Nov-2018
Pasta,0.7639095,Dec-2018
Pasta,0.7320417,Jan-2019
Pasta,0.7859664,Feb-2019
Pasta,0.7599127,Mar-2019
Pasta,0.8122634,Apr-2019
Pasta,0.7721311,May-2019
Pasta,0.7768852,Jun-2019
Pasta,0.789917,Jul-2019
Pasta,0.8120248,Aug-2019
Pasta,0.72325,Sep-2019
Pasta,0.8044583,Oct-2019
Pasta,0.8116387,Nov-2019
Pasta,0.8029218,Dec-2019
Pasta,0.7529876,Jan-2020
Pasta,0.7709544,Feb-2020
Pasta,1.014769,Mar-2020
Pasta,0.8775155,Apr-2020
Pasta,0.8878075,May-2020
Pasta,0.8656122,Jun-2020
Pasta,0.9021198,Jul-2020
Pasta,0.8288288,Aug-2020
Pasta,0.7987168,Sep-2020
Pasta,0.7703382,Oct-2020
Pasta,0.7899383,Nov-2020
Pasta,0.7705494,Dec-2020
Pasta,0.7625366,Jan-2021
Pasta,0.7406372,Feb-2021
Pasta,0.8561403,Mar-2021
Pasta,0.8360274,Apr-2021
Pasta,0.8593204,May-2021
Pasta,0.8585185,Jun-2021
Pasta,0.8465254,Jul-2021
Pasta,0.8685356,Aug-2021
Pasta,0.8413191,Sep-2021
Pasta,0.8703509,Oct-2021
Pasta,0.9377826,Nov-2021
Pasta,0.9952444,Dec-2021
Pasta,0.9413913,Jan-2022
Pasta,1.032597,Feb-2022
Pasta,1.025401,Mar-2022
Pasta,1.021708,Apr-2022
Pasta,1.08076,May-2022
Pasta,1.13044,Jun-2022
Pasta,1.139578,Jul-2022
Pasta,1.141116,Aug-2022
Pasta,1.135208,Sep-2022
Pasta,1.190211,Oct-2022
Pasta,1.234359,Nov-2022
Milk (semi),0.5330968,Jan-2000
Milk (semi),0.5323648,Feb-2000
Milk (semi),0.5340523,Mar-2000
Milk (semi),0.5344079,Apr-2000
Milk (semi),0.5343137,May-2000
Milk (semi),0.5323684,Jun-2000
Milk (semi),0.534183,Jul-2000
Milk (semi),0.5316883,Aug-2000
Milk (semi),0.5318543,Sep-2000
Milk (semi),0.5371154,Oct-2000
Milk (semi),0.5360927,Nov-2000
Milk (semi),0.5337086,Dec-2000
Milk (semi),0.535,Jan-2001
Milk (semi),0.557483,Feb-2001
Milk (semi),0.5539355,Mar-2001
Milk (semi),0.5656129,Apr-2001
Milk (semi),0.5758228,May-2001
Milk (semi),0.5762893,Jun-2001
Milk (semi),0.5758125,Jul-2001
Milk (semi),0.5786625,Aug-2001
Milk (semi),0.5776129,Sep-2001
Milk (semi),0.5781529,Oct-2001
Milk (semi),0.579172,Nov-2001
Milk (semi),0.5781875,Dec-2001
Milk (semi),0.5741177,Jan-2002
Milk (semi),0.597972,Feb-2002
Milk (semi),0.6019463,Mar-2002
Milk (semi),0.6011487,Apr-2002
Milk (semi),0.6031373,May-2002
Milk (semi),0.6039474,Jun-2002
Milk (semi),0.6014474,Jul-2002
Milk (semi),0.5986928,Aug-2002
Milk (semi),0.6102055,Sep-2002
Milk (semi),0.6169798,Oct-2002
Milk (semi),0.6182051,Nov-2002
Milk (semi),0.6209554,Dec-2002
Milk (semi),0.621519,Jan-2003
Milk (semi),0.6143421,Feb-2003
Milk (semi),0.6148366,Mar-2003
Milk (semi),0.6189394,Apr-2003
Milk (semi),0.6269925,May-2003
Milk (semi),0.6232089,Jun-2003
Milk (semi),0.6413869,Jul-2003
Milk (semi),0.6382946,Aug-2003
Milk (semi),0.6338931,Sep-2003
Milk (semi),0.6374242,Oct-2003
Milk (semi),0.6344079,Nov-2003
Milk (semi),0.6345033,Dec-2003
Milk (semi),0.6317881,Jan-2004
Milk (semi),0.6383458,Feb-2004
Milk (semi),0.6344361,Mar-2004
Milk (semi),0.632,Apr-2004
Milk (semi),0.6373571,May-2004
Milk (semi),0.6312408,Jun-2004
Milk (semi),0.6372535,Jul-2004
Milk (semi),0.6357857,Aug-2004
Milk (semi),0.6371014,Sep-2004
Milk (semi),0.6338571,Oct-2004
Milk (semi),0.6352482,Nov-2004
Milk (semi),0.6312587,Dec-2004
Milk (semi),0.631844,Jan-2005
Milk (semi),0.6322963,Feb-2005
Milk (semi),0.658806,Mar-2005
Milk (semi),0.6603571,Apr-2005
Milk (semi),0.6015584,May-2005
Milk (semi),0.6646853,Jun-2005
Milk (semi),0.6664789,Jul-2005
Milk (semi),0.6606429,Aug-2005
Milk (semi),0.6603597,Sep-2005
Milk (semi),0.6647102,Oct-2005
Milk (semi),0.6644118,Nov-2005
Milk (semi),0.6564963,Dec-2005
Milk (semi),0.6617518,Jan-2006
Milk (semi),0.6797826,Feb-2006
Milk (semi),0.6386331,Mar-2006
Milk (semi),0.6226428,Apr-2006
Milk (semi),0.6179137,May-2006
Milk (semi),0.6392254,Jun-2006
Milk (semi),0.6834028,Jul-2006
Milk (semi),0.6843662,Aug-2006
Milk (semi),0.6841844,Sep-2006
Milk (semi),0.6890845,Oct-2006
Milk (semi),0.6820144,Nov-2006
Milk (semi),0.6845714,Dec-2006
Milk (semi),0.6906338,Jan-2007
Milk (semi),0.6853793,Feb-2007
Milk (semi),0.6997945,Mar-2007
Milk (semi),0.7046528,Apr-2007
Milk (semi),0.7052414,May-2007
Milk (semi),0.705461,Jun-2007
Milk (semi),0.7044755,Jul-2007
Milk (semi),0.7079286,Aug-2007
Milk (semi),0.7875362,Sep-2007
Milk (semi),0.7908904,Oct-2007
Milk (semi),0.7954482,Nov-2007
Milk (semi),0.7965068,Dec-2007
Milk (semi),0.7945946,Jan-2008
Milk (semi),0.7913793,Feb-2008
Milk (semi),0.7879861,Mar-2008
Milk (semi),0.7865753,Apr-2008
Milk (semi),0.7867133,May-2008
Milk (semi),0.8213889,Jun-2008
Milk (semi),0.8182517,Jul-2008
Milk (semi),0.822324,Aug-2008
Milk (semi),0.8211644,Sep-2008
Milk (semi),0.8668493,Oct-2008
Milk (semi),0.8719048,Nov-2008
Milk (semi),0.8708108,Dec-2008
Milk (semi),0.8702041,Jan-2009
Milk (semi),0.8702098,Feb-2009
Milk (semi),0.8709722,Mar-2009
Milk (semi),0.870979,Apr-2009
Milk (semi),0.8695071,May-2009
Milk (semi),0.8693706,Jun-2009
Milk (semi),0.8702817,Jul-2009
Milk (semi),0.8715278,Aug-2009
Milk (semi),0.8706207,Sep-2009
Milk (semi),0.8659722,Oct-2009
Milk (semi),0.866014,Nov-2009
Milk (semi),0.8659722,Dec-2009
Milk (semi),0.8684286,Jan-2010
Milk (semi),0.8622302,Feb-2010
Milk (semi),0.8644521,Mar-2010
Milk (semi),0.8618621,Apr-2010
Milk (semi),0.8668966,May-2010
Milk (semi),0.8623776,Jun-2010
Milk (semi),0.8635212,Jul-2010
Milk (semi),0.8626897,Aug-2010
Milk (semi),0.8664539,Sep-2010
Milk (semi),0.865,Oct-2010
Milk (semi),0.8642657,Nov-2010
Milk (semi),0.8657534,Dec-2010
Milk (semi),0.8668708,Jan-2011
Milk (semi),0.8652778,Feb-2011
Milk (semi),0.8647586,Mar-2011
Milk (semi),0.864863,Apr-2011
Milk (semi),0.8879021,May-2011
Milk (semi),0.8902758,Jun-2011
Milk (semi),0.8934483,Jul-2011
Milk (semi),0.8920548,Aug-2011
Milk (semi),0.8910204,Sep-2011
Milk (semi),0.8941379,Oct-2011
Milk (semi),0.8954545,Nov-2011
Milk (semi),0.8955862,Dec-2011
Milk (semi),0.8934483,Jan-2012
Milk (semi),0.8945324,Feb-2012
Milk (semi),0.8936363,Mar-2012
Milk (semi),0.8926389,Apr-2012
Milk (semi),0.8918367,May-2012
Milk (semi),0.8902041,Jun-2012
Milk (semi),0.8898639,Jul-2012
Milk (semi),0.8909589,Aug-2012
Milk (semi),0.8917007,Sep-2012
Milk (semi),0.8927972,Oct-2012
Milk (semi),0.8927027,Nov-2012
Milk (semi),0.8928082,Dec-2012
Milk (semi),0.8921769,Jan-2013
Milk (semi),0.9021379,Feb-2013
Milk (semi),0.9004729,Mar-2013
Milk (semi),0.9008904,Apr-2013
Milk (semi),0.8973972,May-2013
Milk (semi),0.8995918,Jun-2013
Milk (semi),0.8988356,Jul-2013
Milk (semi),0.8986713,Aug-2013
Milk (semi),0.8921089,Sep-2013
Milk (semi),0.8990476,Oct-2013
Milk (semi),0.8997945,Nov-2013
Milk (semi),0.8989041,Dec-2013
Milk (semi),0.9002721,Jan-2014
Milk (semi),0.893931,Feb-2014
Milk (semi),0.8791096,Mar-2014
Milk (semi),0.8785915,Apr-2014
Milk (semi),0.8777083,May-2014
Milk (semi),0.8773611,Jun-2014
Milk (semi),0.8778322,Jul-2014
Milk (semi),0.8782192,Aug-2014
Milk (semi),0.8864384,Sep-2014
Milk (semi),0.8810416,Oct-2014
Milk (semi),0.8789655,Nov-2014
Milk (semi),0.8752055,Dec-2014
Milk (semi),0.8488811,Jan-2015
Milk (semi),0.8401399,Feb-2015
Milk (semi),0.8524138,Mar-2015
Milk (semi),0.8531757,Apr-2015
Milk (semi),0.8548667,May-2015
Milk (semi),0.8504027,Jun-2015
Milk (semi),0.8271621,Jul-2015
Milk (semi),0.8212329,Aug-2015
Milk (semi),0.8212081,Sep-2015
Milk (semi),0.8196667,Oct-2015
Milk (semi),0.802585,Nov-2015
Milk (semi),0.8021622,Dec-2015
Milk (semi),0.8006122,Jan-2016
Milk (semi),0.8065069,Feb-2016
Milk (semi),0.8068,Mar-2016
Milk (semi),0.8072483,Apr-2016
Milk (semi),0.8187333,May-2016
Milk (semi),0.8192617,Jun-2016
Milk (semi),0.817551,Jul-2016
Milk (semi),0.8175343,Aug-2016
Milk (semi),0.8172109,Sep-2016
Milk (semi),0.8183674,Oct-2016
Milk (semi),0.8159864,Nov-2016
Milk (semi),0.8209524,Dec-2016
Milk (semi),0.8189655,Jan-2017
Milk (semi),0.8186014,Feb-2017
Milk (semi),0.8235374,Mar-2017
Milk (semi),0.8216216,Apr-2017
Milk (semi),0.8300681,May-2017
Milk (semi),0.830411,Jun-2017
Milk (semi),0.834726,Jul-2017
Milk (semi),0.8311644,Aug-2017
Milk (semi),0.8268707,Sep-2017
Milk (semi),0.8193793,Oct-2017
Milk (semi),0.8376224,Nov-2017
Milk (semi),0.8484138,Dec-2017
Milk (semi),0.8428571,Jan-2018
Milk (semi),0.8449655,Feb-2018
Milk (semi),0.8476191,Mar-2018
Milk (semi),0.8499311,Apr-2018
Milk (semi),0.8503333,May-2018
Milk (semi),0.8463087,Jun-2018
Milk (semi),0.8502027,Jul-2018
Milk (semi),0.8556,Aug-2018
Milk (semi),0.85483,Sep-2018
Milk (semi),0.8542466,Oct-2018
Milk (semi),0.8550676,Nov-2018
Milk (semi),0.8587075,Dec-2018
Milk (semi),0.8602759,Jan-2019
Milk (semi),0.8520979,Feb-2019
Milk (semi),0.8428571,Mar-2019
Milk (semi),0.8432877,Apr-2019
Milk (semi),0.8443835,May-2019
Milk (semi),0.8422759,Jun-2019
Milk (semi),0.8420548,Jul-2019
Milk (semi),0.8437063,Aug-2019
Milk (semi),0.8388591,Sep-2019
Milk (semi),0.8393919,Oct-2019
Milk (semi),0.8391216,Nov-2019
Milk (semi),0.8376352,Dec-2019
Milk (semi),0.8419048,Jan-2020
Milk (semi),0.8421233,Feb-2020
Milk (semi),0.8447445,Mar-2020
Milk (semi),0.8364151,Apr-2020
Milk (semi),0.8317692,May-2020
Milk (semi),0.8312214,Jun-2020
Milk (semi),0.8308397,Jul-2020
Milk (semi),0.8426241,Aug-2020
Milk (semi),0.8469388,Sep-2020
Milk (semi),0.8476552,Oct-2020
Milk (semi),0.8434042,Nov-2020
Milk (semi),0.8439785,Dec-2020
Milk (semi),0.8376316,Jan-2021
Milk (semi),0.8391228,Feb-2021
Milk (semi),0.837907,Mar-2021
Milk (semi),0.837907,Apr-2021
Milk (semi),0.8452778,May-2021
Milk (semi),0.8450413,Jun-2021
Milk (semi),0.8447945,Jul-2021
Milk (semi),0.8508904,Aug-2021
Milk (semi),0.8504861,Sep-2021
Milk (semi),0.8558451,Oct-2021
Milk (semi),0.8813103,Nov-2021
Milk (semi),0.910625,Dec-2021
Milk (semi),0.9189436,Jan-2022
Milk (semi),0.9396154,Feb-2022
Milk (semi),0.960979,Mar-2022
Milk (semi),0.981875,Apr-2022
Milk (semi),1.013103,May-2022
Milk (semi),1.077448,Jun-2022
Milk (semi),1.142222,Jul-2022
Milk (semi),1.207958,Aug-2022
Milk (semi),1.220211,Sep-2022
Milk (semi),1.281497,Oct-2022
Milk (semi),1.300775,Nov-2022
Potatoes (new),0.7851082,Jan-2000
Potatoes (new),0.8009005,Feb-2000
Potatoes (new),0.851046,Mar-2000
Potatoes (new),0.8041735,Apr-2000
Potatoes (new),0.931811,May-2000
Potatoes (new),0.7395385,Jun-2000
Potatoes (new),0.6367037,Jul-2000
Potatoes (new),0.656692,Aug-2000
Potatoes (new),0.6747736,Sep-2000
Potatoes (new),0.6886383,Oct-2000
Potatoes (new),0.7907692,Nov-2000
Potatoes (new),0.8267068,Dec-2000
Potatoes (new),0.8863223,Jan-2001
Potatoes (new),0.8978571,Feb-2001
Potatoes (new),0.887541,Mar-2001
Potatoes (new),0.9165748,Apr-2001
Potatoes (new),1.078902,May-2001
Potatoes (new),1.121053,Jun-2001
Potatoes (new),0.8098823,Jul-2001
Potatoes (new),0.7163602,Aug-2001
Potatoes (new),0.697314,Sep-2001
Potatoes (new),0.7518908,Oct-2001
Potatoes (new),0.8131675,Nov-2001
Potatoes (new),0.899397,Dec-2001
Potatoes (new),0.9471721,Jan-2002
Potatoes (new),0.9614286,Feb-2002
Potatoes (new),0.958376,Mar-2002
Potatoes (new),1.068294,Apr-2002
Potatoes (new),1.023566,May-2002
Potatoes (new),0.800082,Jun-2002
Potatoes (new),0.7397034,Jul-2002
Potatoes (new),0.6890541,Aug-2002
Potatoes (new),0.6911064,Sep-2002
Potatoes (new),0.7372199,Oct-2002
Potatoes (new),0.8136082,Nov-2002
Potatoes (new),0.911561,Dec-2002
Potatoes (new),0.9138158,Jan-2003
Potatoes (new),0.9250447,Feb-2003
Potatoes (new),0.9133477,Mar-2003
Potatoes (new),0.963516,Apr-2003
Potatoes (new),0.9952174,May-2003
Potatoes (new),0.8265766,Jun-2003
Potatoes (new),0.6803653,Jul-2003
Potatoes (new),0.7365766,Aug-2003
Potatoes (new),0.7504651,Sep-2003
Potatoes (new),0.8094884,Oct-2003
Potatoes (new),0.9211165,Nov-2003
Potatoes (new),1.051293,Dec-2003
Potatoes (new),1.068957,Jan-2004
Potatoes (new),1.061512,Feb-2004
Potatoes (new),1.075113,Mar-2004
Potatoes (new),1.050678,Apr-2004
Potatoes (new),1.152032,May-2004
Potatoes (new),1.049594,Jun-2004
Potatoes (new),0.9098148,Jul-2004
Potatoes (new),0.837324,Aug-2004
Potatoes (new),0.8116592,Sep-2004
Potatoes (new),0.8341905,Oct-2004
Potatoes (new),0.9,Nov-2004
Potatoes (new),0.93,Dec-2004
Potatoes (new),0.9914286,Jan-2005
Potatoes (new),0.9913441,Feb-2005
Potatoes (new),1.00019,Mar-2005
Potatoes (new),1.024,Apr-2005
Potatoes (new),0.9492647,May-2005
Potatoes (new),0.9480693,Jun-2005
Potatoes (new),0.8648879,Jul-2005
Potatoes (new),0.8405752,Aug-2005
Potatoes (new),0.8526512,Sep-2005
Potatoes (new),0.8882051,Oct-2005
Potatoes (new),0.9229231,Nov-2005
Potatoes (new),0.9141204,Dec-2005
Potatoes (new),0.968,Jan-2006
Potatoes (new),0.960098,Feb-2006
Potatoes (new),0.9742718,Mar-2006
Potatoes (new),0.9796227,Apr-2006
Potatoes (new),1.092538,May-2006
Potatoes (new),1.05067,Jun-2006
Potatoes (new),0.9352195,Jul-2006
Potatoes (new),0.8626168,Aug-2006
Potatoes (new),0.907931,Sep-2006
Potatoes (new),0.9247761,Oct-2006
Potatoes (new),1.017617,Nov-2006
Potatoes (new),1.067632,Dec-2006
Potatoes (new),1.073351,Jan-2007
Potatoes (new),1.097742,Feb-2007
Potatoes (new),1.086618,Mar-2007
Potatoes (new),1.123266,Apr-2007
Potatoes (new),1.206087,May-2007
Potatoes (new),1.109738,Jun-2007
Potatoes (new),0.9743721,Jul-2007
Potatoes (new),0.958349,Aug-2007
Potatoes (new),0.9643602,Sep-2007
Potatoes (new),0.98225,Oct-2007
Potatoes (new),1.056337,Nov-2007
Potatoes (new),1.098827,Dec-2007
Potatoes (new),1.118775,Jan-2008
Potatoes (new),1.124286,Feb-2008
Potatoes (new),1.145714,Mar-2008
Potatoes (new),1.1467,Apr-2008
Potatoes (new),1.322365,May-2008
Potatoes (new),1.419016,Jun-2008
Potatoes (new),1.256359,Jul-2008
Potatoes (new),1.219723,Aug-2008
Potatoes (new),1.263443,Sep-2008
Potatoes (new),1.243043,Oct-2008
Potatoes (new),1.299163,Nov-2008
Potatoes (new),1.335274,Dec-2008
Potatoes (new),1.355075,Jan-2009
Potatoes (new),1.343846,Feb-2009
Potatoes (new),1.355811,Mar-2009
Potatoes (new),1.40521,Apr-2009
Potatoes (new),1.511241,May-2009
Potatoes (new),1.441607,Jun-2009
Potatoes (new),1.305784,Jul-2009
Potatoes (new),1.262323,Aug-2009
Potatoes (new),1.257538,Sep-2009
Potatoes (new),1.269897,Oct-2009
Potatoes (new),1.308238,Nov-2009
Potatoes (new),1.362688,Dec-2009
Potatoes (new),1.400155,Jan-2010
Potatoes (new),1.329261,Feb-2010
Potatoes (new),1.320621,Mar-2010
Potatoes (new),1.376339,Apr-2010
Potatoes (new),1.532125,May-2010
Potatoes (new),1.882484,Jun-2010
Potatoes (new),1.628514,Jul-2010
Potatoes (new),1.607333,Aug-2010
Potatoes (new),1.46545,Sep-2010
Potatoes (new),1.447565,Oct-2010
Potatoes (new),1.496667,Nov-2010
Potatoes (new),1.549076,Dec-2010
Potatoes (new),1.558962,Jan-2011
Potatoes (new),1.505223,Feb-2011
Potatoes (new),1.492825,Mar-2011
Potatoes (new),1.497278,Apr-2011
Potatoes (new),1.595968,May-2011
Potatoes (new),1.560308,Jun-2011
Potatoes (new),1.430844,Jul-2011
Potatoes (new),1.391739,Aug-2011
Potatoes (new),1.431658,Sep-2011
Potatoes (new),1.394384,Oct-2011
Potatoes (new),1.370352,Nov-2011
Potatoes (new),1.39,Dec-2011
Potatoes (new),1.4697,Jan-2012
Potatoes (new),1.456175,Feb-2012
Potatoes (new),1.462624,Mar-2012
Potatoes (new),1.449479,Apr-2012
Potatoes (new),1.466389,May-2012
Potatoes (new),1.508855,Jun-2012
Potatoes (new),1.506292,Jul-2012
Potatoes (new),1.464913,Aug-2012
Potatoes (new),1.48608,Sep-2012
Potatoes (new),1.537744,Oct-2012
Potatoes (new),1.646961,Nov-2012
Potatoes (new),1.695408,Dec-2012
Potatoes (new),1.787867,Jan-2013
Potatoes (new),1.762174,Feb-2013
Potatoes (new),1.74,Mar-2013
Potatoes (new),1.754233,Apr-2013
Potatoes (new),1.679679,May-2013
Potatoes (new),1.820435,Jun-2013
Potatoes (new),1.691702,Jul-2013
Potatoes (new),1.54457,Aug-2013
Potatoes (new),1.433385,Sep-2013
Potatoes (new),1.502684,Oct-2013
Potatoes (new),1.567389,Nov-2013
Potatoes (new),1.582781,Dec-2013
Potatoes (new),1.699148,Jan-2014
Potatoes (new),1.594472,Feb-2014
Potatoes (new),1.652139,Mar-2014
Potatoes (new),1.645549,Apr-2014
Potatoes (new),1.606164,May-2014
Potatoes (new),1.592674,Jun-2014
Potatoes (new),1.529351,Jul-2014
Potatoes (new),1.480052,Aug-2014
Potatoes (new),1.487487,Sep-2014
Potatoes (new),1.502552,Oct-2014
Potatoes (new),1.533085,Nov-2014
Potatoes (new),1.634815,Dec-2014
Potatoes (new),1.638206,Jan-2015
Potatoes (new),1.626023,Feb-2015
Potatoes (new),1.6122,Mar-2015
Potatoes (new),1.640612,Apr-2015
Potatoes (new),1.461987,May-2015
Potatoes (new),1.486053,Jun-2015
Potatoes (new),1.553481,Jul-2015
Potatoes (new),1.417282,Aug-2015
Potatoes (new),1.448254,Sep-2015
Potatoes (new),1.472947,Oct-2015
Potatoes (new),1.471505,Nov-2015
Potatoes (new),1.588122,Dec-2015
Potatoes (new),1.668598,Jan-2016
Potatoes (new),1.65522,Feb-2016
Potatoes (new),1.60358,Mar-2016
Potatoes (new),1.621265,Apr-2016
Potatoes (new),1.557761,May-2016
Potatoes (new),1.594552,Jun-2016
Potatoes (new),1.577168,Jul-2016
Potatoes (new),1.493226,Aug-2016
Potatoes (new),1.491168,Sep-2016
Potatoes (new),1.52592,Oct-2016
Potatoes (new),1.555517,Nov-2016
Potatoes (new),1.649171,Dec-2016
Potatoes (new),1.723617,Jan-2017
Potatoes (new),1.712697,Feb-2017
Potatoes (new),1.571628,Dec-2017
Potatoes (new),1.376409,Dec-2018
Potatoes (new),1.390894,Jan-2019
Potatoes (new),1.435923,Feb-2019
Potatoes (new),1.4275,Mar-2019
Potatoes (new),1.438802,Apr-2019
Potatoes (new),1.392835,May-2019
Potatoes (new),1.414989,Jun-2019
Potatoes (new),1.412731,Jul-2019
Potatoes (new),1.350779,Aug-2019
Potatoes (new),1.365327,Sep-2019
Potatoes (new),1.379274,Oct-2019
Potatoes (new),1.362802,Nov-2019
Potatoes (new),1.376508,Dec-2019
Potatoes (new),1.423878,Jan-2020
Potatoes (new),1.404708,Feb-2020
Potatoes (new),1.432682,Mar-2020
Potatoes (new),1.477712,Apr-2020
Potatoes (new),1.492043,May-2020
Potatoes (new),1.54607,Jun-2020
Potatoes (new),1.460318,Jul-2020
Potatoes (new),1.434665,Aug-2020
Potatoes (new),1.393319,Sep-2020
Potatoes (new),1.339246,Oct-2020
Potatoes (new),1.443839,Nov-2020
Potatoes (new),1.407714,Dec-2020
Potatoes (new),1.404596,Jan-2021
Potatoes (new),1.373101,Feb-2021
Potatoes (new),1.387771,Mar-2021
Potatoes (new),1.435346,Apr-2021
Potatoes (new),1.47,May-2021
Potatoes (new),1.43418,Jun-2021
Potatoes (new),1.396689,Jul-2021
Potatoes (new),1.342777,Aug-2021
Potatoes (new),1.32509,Sep-2021
Potatoes (new),1.33497,Oct-2021
Potatoes (new),1.314342,Nov-2021
Potatoes (new),1.387555,Dec-2021
Potatoes (new),1.437723,Jan-2022
Potatoes (new),1.423878,Feb-2022
Potatoes (new),1.389416,Mar-2022
Potatoes (new),1.374888,Apr-2022
Potatoes (new),1.358554,May-2022
Potatoes (new),1.372709,Jun-2022
Potatoes (new),1.373967,Jul-2022
Potatoes (new),1.37006,Aug-2022
Potatoes (new),1.389509,Sep-2022
Potatoes (new),1.362944,Oct-2022
Potatoes (new),1.393711,Nov-2022
